Function,Dimension,Comparison,Statistic,p-value,Significant(p<0.05),CREO-DE Mean,GA Mean,PSO Mean,DE Mean,GWO Mean,CREO-Repair Mean,CREO-RG Mean
F1,30,CREO-DE vs GA,0.0,1.862645149230957e-09,1,1223506372.155757,2768597269.4969497,,,,,
F1,30,CREO-DE vs PSO,0.0,1.862645149230957e-09,1,1223506372.155757,,2654.622054600979,,,,
F1,30,CREO-DE vs DE,0.0,1.862645149230957e-09,1,1223506372.155757,,,100.00000314274845,,,
F1,30,CREO-DE vs GWO,0.0,1.862645149230957e-09,1,1223506372.155757,,,,13219681941.79293,,
F1,30,CREO-DE vs CREO-Repair,0.0,1.862645149230957e-09,1,1223506372.155757,,,,,51696.58998077039,
F1,30,CREO-DE vs CREO-RG,0.0,1.862645149230957e-09,1,1223506372.155757,,,,,,45024.58480329012
F3,30,CREO-DE vs GA,0.0,1.862645149230957e-09,1,50134.46617517084,22416.048207975648,,,,,
F3,30,CREO-DE vs PSO,0.0,1.862645149230957e-09,1,50134.46617517084,,300.0000000000012,,,,
F3,30,CREO-DE vs DE,0.0,1.862645149230957e-09,1,50134.46617517084,,,1072.0756979062396,,,
F3,30,CREO-DE vs GWO,0.0,1.862645149230957e-09,1,50134.46617517084,,,,76083.03451882163,,
F3,30,CREO-DE vs CREO-Repair,0.0,1.862645149230957e-09,1,50134.46617517084,,,,,2657.188887556841,
F3,30,CREO-DE vs CREO-RG,0.0,1.862645149230957e-09,1,50134.46617517084,,,,,,9892.857465870451
F4,30,CREO-DE vs GA,106.0,0.008142979815602303,1,1149.8731872489095,1031.6347733073565,,,,,
F4,30,CREO-DE vs PSO,0.0,1.862645149230957e-09,1,1149.8731872489095,,454.3276282788557,,,,
F4,30,CREO-DE vs DE,0.0,1.862645149230957e-09,1,1149.8731872489095,,,415.16907591001825,,,
F4,30,CREO-DE vs GWO,0.0,1.862645149230957e-09,1,1149.8731872489095,,,,2652.2043408217673,,
F4,30,CREO-DE vs CREO-Repair,0.0,1.862645149230957e-09,1,1149.8731872489095,,,,,540.7001830861642,
F4,30,CREO-DE vs CREO-RG,0.0,1.862645149230957e-09,1,1149.8731872489095,,,,,,609.4598430584712
F5,30,CREO-DE vs GA,109.0,0.00993151031434536,1,745.1913556434555,732.8974635577011,,,,,
F5,30,CREO-DE vs PSO,0.0,1.862645149230957e-09,1,745.1913556434555,,644.1854726520008,,,,
F5,30,CREO-DE vs DE,0.0,1.862645149230957e-09,1,745.1913556434555,,,654.6233066881994,,,
F5,30,CREO-DE vs GWO,0.0,1.862645149230957e-09,1,745.1913556434555,,,,791.1712739195062,,
F5,30,CREO-DE vs CREO-Repair,10.0,8.009374141693115e-08,1,745.1913556434555,,,,,695.0388157304532,
F5,30,CREO-DE vs CREO-RG,46.0,3.453157842159271e-05,1,745.1913556434555,,,,,,712.974708388347
F6,30,CREO-DE vs GA,179.0,0.28008678182959557,0,631.7527515880779,632.7809518191592,,,,,
F6,30,CREO-DE vs PSO,199.0,0.5027610473334789,0,631.7527515880779,,630.0183741012173,,,,
F6,30,CREO-DE vs DE,0.0,1.862645149230957e-09,1,631.7527515880779,,,600.0002010655468,,,
F6,30,CREO-DE vs GWO,0.0,1.862645149230957e-09,1,631.7527515880779,,,,656.7453460363984,,
F6,30,CREO-DE vs CREO-Repair,0.0,1.862645149230957e-09,1,631.7527515880779,,,,,656.2021894155263,
F6,30,CREO-DE vs CREO-RG,0.0,1.862645149230957e-09,1,631.7527515880779,,,,,,655.7373734079301
F7,30,CREO-DE vs GA,1.0,3.725290298461914e-09,1,1004.3313030586808,1053.8358207290985,,,,,
F7,30,CREO-DE vs PSO,0.0,1.862645149230957e-09,1,1004.3313030586808,,831.4043454482414,,,,
F7,30,CREO-DE vs DE,0.0,1.862645149230957e-09,1,1004.3313030586808,,,912.1748321456671,,,
F7,30,CREO-DE vs GWO,65.0,0.000283263623714447,1,1004.3313030586808,,,,1023.449673827026,,
F7,30,CREO-DE vs CREO-Repair,0.0,1.862645149230957e-09,1,1004.3313030586808,,,,,1181.7616704249274,
F7,30,CREO-DE vs CREO-RG,7.0,3.5390257835388184e-08,1,1004.3313030586808,,,,,,1108.4420213253952
F8,30,CREO-DE vs GA,37.0,1.0609626770019531e-05,1,1039.3431841577062,1020.4677071217397,,,,,
F8,30,CREO-DE vs PSO,0.0,1.862645149230957e-09,1,1039.3431841577062,,934.0533926395934,,,,
F8,30,CREO-DE vs DE,1.0,3.725290298461914e-09,1,1039.3431841577062,,,953.3221418480204,,,
F8,30,CREO-DE vs GWO,45.0,3.049522638320923e-05,1,1039.3431841577062,,,,1022.7486817436221,,
F8,30,CREO-DE vs CREO-Repair,0.0,1.862645149230957e-09,1,1039.3431841577062,,,,,956.3644789725489,
F8,30,CREO-DE vs CREO-RG,0.0,1.862645149230957e-09,1,1039.3431841577062,,,,,,947.5708293596525
F9,30,CREO-DE vs GA,85.0,0.001718590036034584,1,2089.949239190476,2388.1297258810987,,,,,
F9,30,CREO-DE vs PSO,68.0,0.0003800932317972183,1,2089.949239190476,,2978.406006429645,,,,
F9,30,CREO-DE vs DE,0.0,1.862645149230957e-09,1,2089.949239190476,,,900.1090745201996,,,
F9,30,CREO-DE vs GWO,0.0,1.862645149230957e-09,1,2089.949239190476,,,,4011.7334699792145,,
F9,30,CREO-DE vs CREO-Repair,0.0,1.862645149230957e-09,1,2089.949239190476,,,,,4792.9531062332635,
F9,30,CREO-DE vs CREO-RG,0.0,1.862645149230957e-09,1,2089.949239190476,,,,,,4596.933628331809
F10,30,CREO-DE vs GA,153.0,0.10483990423381329,0,7861.127075450113,8012.226964780931,,,,,
F10,30,CREO-DE vs PSO,0.0,1.862645149230957e-09,1,7861.127075450113,,4596.730843804745,,,,
F10,30,CREO-DE vs DE,167.0,0.18396909348666668,0,7861.127075450113,,,7928.520678166154,,,
F10,30,CREO-DE vs GWO,0.0,1.862645149230957e-09,1,7861.127075450113,,,,6185.936423255906,,
F10,30,CREO-DE vs CREO-Repair,0.0,1.862645149230957e-09,1,7861.127075450113,,,,,5537.688972880668,
F10,30,CREO-DE vs CREO-RG,0.0,1.862645149230957e-09,1,7861.127075450113,,,,,,5615.084465028192
F11,30,CREO-DE vs GA,54.0,8.856505155563354e-05,1,2032.378988107054,1853.2216884592453,,,,,
F11,30,CREO-DE vs PSO,0.0,1.862645149230957e-09,1,2032.378988107054,,1226.2032197442352,,,,
F11,30,CREO-DE vs DE,0.0,1.862645149230957e-09,1,2032.378988107054,,,1138.5246453390205,,,
F11,30,CREO-DE vs GWO,0.0,1.862645149230957e-09,1,2032.378988107054,,,,4685.937398438125,,
F11,30,CREO-DE vs CREO-Repair,0.0,1.862645149230957e-09,1,2032.378988107054,,,,,1226.7109129287965,
F11,30,CREO-DE vs CREO-RG,0.0,1.862645149230957e-09,1,2032.378988107054,,,,,,1240.9625886248143
F12,30,CREO-DE vs GA,14.0,2.0489096641540527e-07,1,611595893.3677691,359272031.98507977,,,,,
F12,30,CREO-DE vs PSO,0.0,1.862645149230957e-09,1,611595893.3677691,,17014.19869972224,,,,
F12,30,CREO-DE vs DE,0.0,1.862645149230957e-09,1,611595893.3677691,,,18557.445751758027,,,
F12,30,CREO-DE vs GWO,0.0,1.862645149230957e-09,1,611595893.3677691,,,,1443666800.271415,,
F12,30,CREO-DE vs CREO-Repair,0.0,1.862645149230957e-09,1,611595893.3677691,,,,,716946.7897301863,
F12,30,CREO-DE vs CREO-RG,0.0,1.862645149230957e-09,1,611595893.3677691,,,,,,2803718.0749783143
F13,30,CREO-DE vs GA,142.0,0.0635564886033535,0,160248299.12590933,114320161.81008987,,,,,
F13,30,CREO-DE vs PSO,0.0,1.862645149230957e-09,1,160248299.12590933,,11281.667440357094,,,,
F13,30,CREO-DE vs DE,0.0,1.862645149230957e-09,1,160248299.12590933,,,1403.0445876596018,,,
F13,30,CREO-DE vs GWO,0.0,1.862645149230957e-09,1,160248299.12590933,,,,701258420.6962318,,
F13,30,CREO-DE vs CREO-Repair,0.0,1.862645149230957e-09,1,160248299.12590933,,,,,46973.52242923287,
F13,30,CREO-DE vs CREO-RG,0.0,1.862645149230957e-09,1,160248299.12590933,,,,,,46124.48840472417
F14,30,CREO-DE vs GA,180.0,0.28936620615422726,0,62993.00506160664,70033.49260763665,,,,,
F14,30,CREO-DE vs PSO,0.0,1.862645149230957e-09,1,62993.00506160664,,4716.137876999133,,,,
F14,30,CREO-DE vs DE,0.0,1.862645149230957e-09,1,62993.00506160664,,,1465.5911514312882,,,
F14,30,CREO-DE vs GWO,0.0,1.862645149230957e-09,1,62993.00506160664,,,,898550.5572934614,,
F14,30,CREO-DE vs CREO-Repair,0.0,1.862645149230957e-09,1,62993.00506160664,,,,,2987.120294767991,
F14,30,CREO-DE vs CREO-RG,0.0,1.862645149230957e-09,1,62993.00506160664,,,,,,2994.9603334485723
F15,30,CREO-DE vs GA,0.0,1.862645149230957e-09,1,2825049.8739243285,14678476.766646948,,,,,
F15,30,CREO-DE vs PSO,0.0,1.862645149230957e-09,1,2825049.8739243285,,3720.4997887829554,,,,
F15,30,CREO-DE vs DE,0.0,1.862645149230957e-09,1,2825049.8739243285,,,1526.5079264324895,,,
F15,30,CREO-DE vs GWO,101.0,0.00577649287879467,1,2825049.8739243285,,,,4230354.180964623,,
F15,30,CREO-DE vs CREO-Repair,0.0,1.862645149230957e-09,1,2825049.8739243285,,,,,31789.287867097628,
F15,30,CREO-DE vs CREO-RG,0.0,1.862645149230957e-09,1,2825049.8739243285,,,,,,23690.850430948358
F16,30,CREO-DE vs GA,160.0,0.140283040702343,0,3540.2824661441305,3479.7637253698617,,,,,
F16,30,CREO-DE vs PSO,0.0,1.862645149230957e-09,1,3540.2824661441305,,2621.626189222116,,,,
F16,30,CREO-DE vs DE,1.0,3.725290298461914e-09,1,3540.2824661441305,,,2646.2756248248525,,,
F16,30,CREO-DE vs GWO,6.0,2.60770320892334e-08,1,3540.2824661441305,,,,3975.4140613594514,,
F16,30,CREO-DE vs CREO-Repair,14.0,2.0489096641540527e-07,1,3540.2824661441305,,,,,3091.8092615717374,
F16,30,CREO-DE vs CREO-RG,31.0,4.421919584274292e-06,1,3540.2824661441305,,,,,,3183.6230047361078
F17,30,CREO-DE vs GA,50.0,5.5925920605659485e-05,1,2377.8743639850604,2242.1134314743676,,,,,
F17,30,CREO-DE vs PSO,121.0,0.02084985189139843,1,2377.8743639850604,,2239.832799890386,,,,
F17,30,CREO-DE vs DE,0.0,1.862645149230957e-09,1,2377.8743639850604,,,1802.910478435416,,,
F17,30,CREO-DE vs GWO,17.0,3.855675458908081e-07,1,2377.8743639850604,,,,2649.904754964344,,
F17,30,CREO-DE vs CREO-Repair,59.0,0.0001528710126876831,1,2377.8743639850604,,,,,2676.4766735008743,
F17,30,CREO-DE vs CREO-RG,28.0,2.7623027563095093e-06,1,2377.8743639850604,,,,,,2768.3583956289867
F18,30,CREO-DE vs GA,10.0,8.009374141693115e-08,1,567619.144452807,1319458.3385897886,,,,,
F18,30,CREO-DE vs PSO,0.0,1.862645149230957e-09,1,567619.144452807,,65369.11431807453,,,,
F18,30,CREO-DE vs DE,0.0,1.862645149230957e-09,1,567619.144452807,,,10779.440479768966,,,
F18,30,CREO-DE vs GWO,2.0,5.587935447692871e-09,1,567619.144452807,,,,2606293.046304705,,
F18,30,CREO-DE vs CREO-Repair,0.0,1.862645149230957e-09,1,567619.144452807,,,,,71972.57615810749,
F18,30,CREO-DE vs CREO-RG,0.0,1.862645149230957e-09,1,567619.144452807,,,,,,73472.1030051672
F19,30,CREO-DE vs GA,37.0,1.0609626770019531e-05,1,9588777.135154879,21184258.120111622,,,,,
F19,30,CREO-DE vs PSO,0.0,1.862645149230957e-09,1,9588777.135154879,,8079.741971878427,,,,
F19,30,CREO-DE vs DE,0.0,1.862645149230957e-09,1,9588777.135154879,,,1917.1072425113027,,,
F19,30,CREO-DE vs GWO,168.0,0.19092952087521553,0,9588777.135154879,,,,10011427.517968602,,
F19,30,CREO-DE vs CREO-Repair,0.0,1.862645149230957e-09,1,9588777.135154879,,,,,69433.4938093514,
F19,30,CREO-DE vs CREO-RG,0.0,1.862645149230957e-09,1,9588777.135154879,,,,,,78247.84499204192
F20,30,CREO-DE vs GA,187.0,0.3598779272288084,0,2607.3880700924396,2582.163691894436,,,,,
F20,30,CREO-DE vs PSO,103.0,0.006639536470174789,1,2607.3880700924396,,2486.8721453255107,,,,
F20,30,CREO-DE vs DE,0.0,1.862645149230957e-09,1,2607.3880700924396,,,2166.0558398127255,,,
F20,30,CREO-DE vs GWO,168.0,0.19092952087521553,0,2607.3880700924396,,,,2663.762529400185,,
F20,30,CREO-DE vs CREO-Repair,63.0,0.00023163668811321259,1,2607.3880700924396,,,,,2828.1650347595837,
F20,30,CREO-DE vs CREO-RG,89.0,0.0023674946278333664,1,2607.3880700924396,,,,,,2764.4717104161014
F21,30,CREO-DE vs GA,37.0,1.0609626770019531e-05,1,2549.523758475645,2528.5912030191876,,,,,
F21,30,CREO-DE vs PSO,0.0,1.862645149230957e-09,1,2549.523758475645,,2427.5103998009927,,,,
F21,30,CREO-DE vs DE,0.0,1.862645149230957e-09,1,2549.523758475645,,,2464.007032805886,,,
F21,30,CREO-DE vs GWO,84.0,0.0015832837671041489,1,2549.523758475645,,,,2565.835193787177,,
F21,30,CREO-DE vs CREO-Repair,52.0,7.056817412376404e-05,1,2549.523758475645,,,,,2513.919270290292,
F21,30,CREO-DE vs CREO-RG,162.0,0.15188691951334476,0,2549.523758475645,,,,,,2535.9329007991287
F22,30,CREO-DE vs GA,0.0,1.862645149230957e-09,1,2558.2812389117125,2792.3827960262306,,,,,
F22,30,CREO-DE vs PSO,189.0,0.3817984350025654,0,2558.2812389117125,,3231.727242111595,,,,
F22,30,CREO-DE vs DE,0.0,1.862645149230957e-09,1,2558.2812389117125,,,2300.000000004183,,,
F22,30,CREO-DE vs GWO,0.0,1.862645149230957e-09,1,2558.2812389117125,,,,4048.86436221222,,
F22,30,CREO-DE vs CREO-Repair,0.0,1.862645149230957e-09,1,2558.2812389117125,,,,,6531.086556328137,
F22,30,CREO-DE vs CREO-RG,0.0,1.862645149230957e-09,1,2558.2812389117125,,,,,,6240.863327855231
F23,30,CREO-DE vs GA,158.0,0.12935307621955872,0,3020.692417674246,3009.6268311299823,,,,,
F23,30,CREO-DE vs PSO,96.0,0.004031794145703316,1,3020.692417674246,,2956.4062943154395,,,,
F23,30,CREO-DE vs DE,0.0,1.862645149230957e-09,1,3020.692417674246,,,2707.856460237169,,,
F23,30,CREO-DE vs GWO,0.0,1.862645149230957e-09,1,3020.692417674246,,,,3383.9773348507374,,
F23,30,CREO-DE vs CREO-Repair,0.0,1.862645149230957e-09,1,3020.692417674246,,,,,3594.187982549258,
F23,30,CREO-DE vs CREO-RG,0.0,1.862645149230957e-09,1,3020.692417674246,,,,,,3634.116560670337
F24,30,CREO-DE vs GA,76.0,0.0007978975772857666,1,3169.4707677073648,3132.403100643611,,,,,
F24,30,CREO-DE vs PSO,25.0,1.6838312149047852e-06,1,3169.4707677073648,,3060.3175397336113,,,,
F24,30,CREO-DE vs DE,0.0,1.862645149230957e-09,1,3169.4707677073648,,,2823.536905035216,,,
F24,30,CREO-DE vs GWO,0.0,1.862645149230957e-09,1,3169.4707677073648,,,,3554.220500118308,,
F24,30,CREO-DE vs CREO-Repair,0.0,1.862645149230957e-09,1,3169.4707677073648,,,,,3579.2992306583797,
F24,30,CREO-DE vs CREO-RG,0.0,1.862645149230957e-09,1,3169.4707677073648,,,,,,3606.648942805732
F25,30,CREO-DE vs GA,19.0,5.718320608139038e-07,1,3033.1815099840414,3099.3170167042026,,,,,
F25,30,CREO-DE vs PSO,0.0,1.862645149230957e-09,1,3033.1815099840414,,2908.358071421424,,,,
F25,30,CREO-DE vs DE,0.0,1.862645149230957e-09,1,3033.1815099840414,,,2899.3579200017016,,,
F25,30,CREO-DE vs GWO,0.0,1.862645149230957e-09,1,3033.1815099840414,,,,3228.671439280485,,
F25,30,CREO-DE vs CREO-Repair,0.0,1.862645149230957e-09,1,3033.1815099840414,,,,,2943.9475392923987,
F25,30,CREO-DE vs CREO-RG,0.0,1.862645149230957e-09,1,3033.1815099840414,,,,,,2956.4209383757034
F26,30,CREO-DE vs GA,147.0,0.0803273618221283,0,5555.201746559683,4749.934748466814,,,,,
F26,30,CREO-DE vs PSO,108.0,0.009301122277975082,1,5555.201746559683,,4411.224421755562,,,,
F26,30,CREO-DE vs DE,2.0,5.587935447692871e-09,1,5555.201746559683,,,2955.257593226327,,,
F26,30,CREO-DE vs GWO,122.0,0.022098854184150696,1,5555.201746559683,,,,6528.386592835897,,
F26,30,CREO-DE vs CREO-Repair,45.0,3.049522638320923e-05,1,5555.201746559683,,,,,7680.003868625086,
F26,30,CREO-DE vs CREO-RG,25.0,1.6838312149047852e-06,1,5555.201746559683,,,,,,7872.558157538283
F27,30,CREO-DE vs GA,1.0,3.725290298461914e-09,1,3442.0327572815013,3541.181976246333,,,,,
F27,30,CREO-DE vs PSO,179.0,0.28008678182959557,0,3442.0327572815013,,3470.1143350570305,,,,
F27,30,CREO-DE vs DE,0.0,1.862645149230957e-09,1,3442.0327572815013,,,3235.2041129249324,,,
F27,30,CREO-DE vs GWO,0.0,1.862645149230957e-09,1,3442.0327572815013,,,,4154.719050072293,,
F27,30,CREO-DE vs CREO-Repair,0.0,1.862645149230957e-09,1,3442.0327572815013,,,,,4441.512237263099,
F27,30,CREO-DE vs CREO-RG,0.0,1.862645149230957e-09,1,3442.0327572815013,,,,,,4507.845981249827
F28,30,CREO-DE vs GA,203.0,0.5561132747679949,0,3575.453018110165,3553.5085548785796,,,,,
F28,30,CREO-DE vs PSO,0.0,1.862645149230957e-09,1,3575.453018110165,,3106.885713331772,,,,
F28,30,CREO-DE vs DE,0.0,1.862645149230957e-09,1,3575.453018110165,,,3127.5428523892365,,,
F28,30,CREO-DE vs GWO,0.0,1.862645149230957e-09,1,3575.453018110165,,,,4228.8352800453995,,
F28,30,CREO-DE vs CREO-Repair,0.0,1.862645149230957e-09,1,3575.453018110165,,,,,3261.007372229492,
F28,30,CREO-DE vs CREO-RG,0.0,1.862645149230957e-09,1,3575.453018110165,,,,,,3340.68043160332
F29,30,CREO-DE vs GA,142.0,0.0635564886033535,0,4384.36216942105,4304.916884869404,,,,,
F29,30,CREO-DE vs PSO,9.0,6.146728992462158e-08,1,4384.36216942105,,3882.4960318591357,,,,
F29,30,CREO-DE vs DE,0.0,1.862645149230957e-09,1,4384.36216942105,,,3447.3697099476217,,,
F29,30,CREO-DE vs GWO,0.0,1.862645149230957e-09,1,4384.36216942105,,,,5015.400042935199,,
F29,30,CREO-DE vs CREO-Repair,35.0,7.994472980499268e-06,1,4384.36216942105,,,,,4794.582834872634,
F29,30,CREO-DE vs CREO-RG,16.0,3.1478703022003174e-07,1,4384.36216942105,,,,,,4814.581288000217
F30,30,CREO-DE vs GA,49.0,4.968419671058655e-05,1,37055311.20697664,22471996.248803243,,,,,
F30,30,CREO-DE vs PSO,0.0,1.862645149230957e-09,1,37055311.20697664,,8136.6911054708125,,,,
F30,30,CREO-DE vs DE,0.0,1.862645149230957e-09,1,37055311.20697664,,,6592.326655460331,,,
F30,30,CREO-DE vs GWO,12.0,1.30385160446167e-07,1,37055311.20697664,,,,81010558.21202867,,
F30,30,CREO-DE vs CREO-Repair,0.0,1.862645149230957e-09,1,37055311.20697664,,,,,237693.2861751016,
F30,30,CREO-DE vs CREO-RG,0.0,1.862645149230957e-09,1,37055311.20697664,,,,,,321777.8468752155
